<?xml version="1.0" encoding="UTF-8"?>
<project xmlns="http://www.netbeans.org/ns/project/1">
    <type>org.netbeans.modules.ant.freeform</type>
    <configuration>
        <general-data xmlns="http://www.netbeans.org/ns/freeform-project/1">
            <!-- Created by Brian Burch on September 27, 2006
              ** Updated by Brian Burch on October 22, 2008
                 Netbeans debug targets are now held in 
                 ./nbproject/ide-targets.xml and ./nbproject/ide-file-targets.xml.
                 -->
            <name>jitsi</name>
            <properties/>
            <folders>
                <source-folder>
                    <label>src</label>
                    <type>java</type>
                    <location>src</location>
                </source-folder>
                <source-folder>
                    <label>test</label>
                    <type>java</type>
                    <location>test</location>
                </source-folder>
            </folders>
            <ide-actions>
                <action name="build">
                    <target>make</target>
                </action>
                <action name="clean">
                    <target>clean</target>
                </action>
                <action name="javadoc">
                    <target>javadoc</target>
                </action>
                <action name="run">
                    <target>run</target>
                </action>
                <action name="test">
                    <target>test</target>
                </action>
                <action name="rebuild">
                    <target>rebuild</target>
                </action>
                <action name="run.single">
                    <target>test</target>
                    <context>
                        <property>test.name</property>
                        <folder>test</folder>
                        <pattern>\.java$</pattern>
                        <format>relative-path-noext</format>
                        <arity>
                            <one-file-only/>
                        </arity>
                    </context>
                </action>
                <action name="debug.single">
                    <script>nbproject/ide-file-targets.xml</script>
                    <target>debug-selected-file-in-test</target>
                    <context>
                        <property>test.name</property>
                        <folder>test</folder>
                        <pattern>\.java$</pattern>
                        <format>relative-path-noext</format>
                        <arity>
                            <one-file-only/>
                        </arity>
                    </context>
                </action>
            </ide-actions>
            <export>
                <type>folder</type>
                <location>classes</location>
                <build-target>make</build-target>
            </export>
            <export>
                <type>folder</type>
                <location>classes</location>
                <build-target>make</build-target>
            </export>
            <view>
                <items>
                    <source-folder style="packages">
                        <label>src</label>
                        <location>src</location>
                    </source-folder>
                    <source-folder style="packages">
                        <label>test</label>
                        <location>test</location>
                    </source-folder>
                    <source-file>
                        <location>build.xml</location>
                    </source-file>
                </items>
                <context-menu>
                    <ide-action name="build"/>
                    <ide-action name="clean"/>
                    <ide-action name="javadoc"/>
                    <ide-action name="run"/>
                    <ide-action name="test"/>
                    <ide-action name="rebuild"/>
                    <ide-action name="run.multiple"/>
                    <action>
                        <script>nbproject/ide-targets.xml</script>
                        <label>Debug Application</label>
                        <target>debug-nb-wholeApp</target>
                    </action>
                    <action>
                        <script>nbproject/ide-file-targets.xml</script>
                        <label>Debug all tests</label>
                        <target>debug-selected-file-in-test</target>
                    </action>
                </context-menu>
            </view>
            <subprojects/>
        </general-data>
        <java-data xmlns="http://www.netbeans.org/ns/freeform-project-java/2">
            <compilation-unit>
                <package-root>src</package-root>
                <classpath mode="compile">lib/felix.jar:lib/bundle/commons-logging.jar:lib/bundle/junit.jar:lib/bundle/log4j.jar:lib/installer-exclude/apache-ant-1.7.0.jar:lib/installer-exclude/dhcp4java-1.00.jar:lib/installer-exclude/dict4j.jar:lib/installer-exclude/dnsjava.jar:lib/installer-exclude/fmj.jar:lib/installer-exclude/forms-1.2.1.jar:lib/installer-exclude/gdata-client-1.0.jar:lib/installer-exclude/gdata-client-meta-1.0.jar:lib/installer-exclude/gdata-contacts-3.0.jar:lib/installer-exclude/gdata-contacts-meta-3.0.jar:lib/installer-exclude/gdata-core-1.0.jar:lib/installer-exclude/google-collect-1.0-rc1.jar:lib/installer-exclude/hexdump-0.2.jar:lib/installer-exclude/httpclient-osgi-4.2.3.jar:lib/installer-exclude/httpcore-osgi-4.2.3.jar:lib/installer-exclude/ice4j-2.0-20170111.193659-7.jar:lib/installer-exclude/irc-api-1.0.jar:lib/installer-exclude/jain-sdp.jar:lib/installer-exclude/jain-sip-api.jar:lib/installer-exclude/jain-sip-ri.jar:lib/installer-exclude/jdic_misc.jar:lib/installer-exclude/jmdns.jar:lib/installer-exclude/jmyspell-core.jar:lib/installer-exclude/jna.jar:lib/installer-exclude/jnsapi.jar:lib/installer-exclude/joscar-client.jar:lib/installer-exclude/joscar-common.jar:lib/installer-exclude/joscar-protocol.jar:lib/installer-exclude/jsch-0.1.36.jar:lib/installer-exclude/jsocks-klea.jar:lib/installer-exclude/json-simple-1.1.1.jar:lib/installer-exclude/jspeex.jar:lib/installer-exclude/junit.jar:lib/installer-exclude/laf-widget.jar:lib/installer-exclude/lcrypto-jdk16-143.jar:lib/installer-exclude/libdbus-java-2.7.jar:lib/installer-exclude/libjitsi-1.0-20170723.182204-295.jar:lib/installer-exclude/log4j-1.2.8.jar:lib/installer-exclude/lti-civil-no_s_w_t.jar:lib/installer-exclude/mac_widgets-0.9.5.jar:lib/installer-exclude/nist-sdp-1.0.jar:lib/installer-exclude/otr4j.jar:lib/installer-exclude/pircbot.jar:lib/installer-exclude/profiler4j-1.0-beta3-SC.jar:lib/installer-exclude/sdes4j.jar:lib/installer-exclude/smack.jar:lib/installer-exclude/smackx.jar:lib/installer-exclude/swing-worker-1.2.jar:lib/installer-exclude/jna-platform.jar:lib/installer-exclude/unix-0.5.jar:lib/installer-exclude/weupnp-0.1.4.jar:lib/installer-exclude/zrtp4j-light-4.1.0-jitsi-1-SNAPSHOT.jar:lib/installer-exclude/jcalendar-1.4.jar:lib/installer-exclude/bcpkix-jdk15on-151.jar:lib/installer-exclude/bcprov-jdk15on-151.jar:lib/installer-exclude/guava-15.0.jar:lib/installer-exclude/libphonenumber-5.9.jar:lib/installer-exclude/commons-lang3-3.1.jar:lib/installer-exclude/jmork-1.0.5-SNAPSHOT.jar:lib/os-specific/mac/growl4j.jar:lib/os-specific/mac/OrangeExtensions.jar:lib/os-specific/mac/installer-exclude/dock.jar</classpath>
                <built-to>classes</built-to>
                <source-level>1.5</source-level>
            </compilation-unit>
            <compilation-unit>
                <package-root>test</package-root>
                <unit-tests/>
                <classpath mode="compile">classes:lib/felix.jar:lib/bundle/junit.jar:lib/installer-exclude/cglib-nodep.osgi-2.1_3.jar:lib/installer-exclude/easymock-3.1.jar:lib/installer-exclude/irc-api-1.0.jar:lib/installer-exclude/jain-sdp.jar:lib/installer-exclude/joscar-client.jar:lib/installer-exclude/joscar-common.jar:lib/installer-exclude/joscar-protocol.jar:lib/installer-exclude/libjitsi.jar:lib/installer-exclude/objenesis-1.2.jar:lib/installer-exclude/smack.jar:lib/installer-exclude/guava-15.0.jar:lib/installer-exclude/jain-sip-ri.jar:lib/installer-exclude/jain-sip-api.jar</classpath>
                <built-to>classes</built-to>
                <source-level>1.5</source-level>
            </compilation-unit>
        </java-data>
    </configuration>
</project>
